movie_id,genre,runtime_minutes,budget_millions,sequel,opening_weekend_millions,box_office_millions,rating_1to10
4001,Sci-Fi,110.19,35.94,Yes,43.43,112.46,5.93
4002,Comedy,91.96,13.59,No,23.6,34.03,6.28
4003,Comedy,93.61,70.02,No,11.43,99.67,6.64
4004,Sci-Fi,118.52,27.29,No,23.84,60.78,6.47
4005,Drama,128.38,17.41,No,5.6,23.4,7.35
4006,Action,100.45,37.42,Yes,9.74,79.52,6.34
4007,Romance,166.0,63.71,No,20.37,101.68,7.38
4008,Romance,94.83,14.49,Yes,29.4,91.52,5.85
4009,Comedy,107.74,44.17,No,9.3,43.0,6.22
4010,Animation,120.48,34.62,Yes,16.33,30.18,8.68
4011,Horror,114.26,39.65,No,5.22,36.55,5.3
4012,Romance,110.71,24.04,Yes,10.94,49.39,6.81
4013,Thriller,131.82,14.67,No,30.52,42.08,7.04
4014,Horror,119.44,19.27,No,1.72,58.55,6.14
4015,Thriller,94.8,24.39,No,19.93,60.24,7.3
4016,Comedy,101.14,66.85,Yes,44.36,109.33,6.13
4017,Romance,104.11,17.66,No,0.5,5.82,5.75
4018,Comedy,85.53,23.11,No,0.5,24.18,6.66
4019,Sci-Fi,126.67,45.08,No,10.23,89.46,6.04
4020,Comedy,132.13,63.44,No,43.62,140.26,6.45
4021,Romance,119.01,7.34,No,0.5,1.0,7.12
4022,Horror,106.17,30.83,Yes,33.17,78.17,5.4
4023,Animation,98.81,28.98,Yes,11.72,59.67,8.57
4024,Drama,146.76,28.81,Yes,2.61,1.0,7.31
4025,Romance,98.94,31.84,No,4.47,69.63,5.08
4026,Drama,161.03,23.22,No,0.5,21.25,5.3
4027,Comedy,77.96,31.63,Yes,10.22,52.48,5.41
4028,Horror,109.05,32.58,No,4.81,56.18,4.81
4029,Drama,121.58,63.78,No,0.5,11.21,6.3
4030,Drama,99.51,7.13,Yes,0.5,1.0,5.69
4031,Thriller,130.87,25.17,No,13.15,45.34,5.24
4032,Comedy,111.36,11.6,Yes,31.13,60.15,4.73
4033,Sci-Fi,131.98,39.93,No,56.14,144.76,6.19
4034,Romance,95.82,74.47,No,11.27,117.64,5.94
4035,Comedy,110.71,24.54,No,0.5,20.36,7.44
4036,Horror,111.5,26.1,Yes,29.57,78.67,4.43
4037,Thriller,97.11,15.83,Yes,20.44,86.42,5.87
4038,Thriller,86.61,39.71,Yes,38.38,117.14,6.33
4039,Drama,159.4,16.65,No,22.65,1.0,6.95
4040,Animation,97.87,20.59,No,13.57,50.65,7.07
4041,Comedy,97.57,38.64,No,7.96,74.96,6.57
4042,Comedy,83.69,26.78,No,35.99,59.04,6.08
4043,Horror,98.48,38.49,No,0.5,54.66,7.39
4044,Animation,74.97,36.34,No,26.75,151.58,7.89
4045,Comedy,100.26,48.26,No,11.39,56.89,8.26
4046,Drama,148.72,71.04,No,0.5,43.76,8.37
4047,Action,109.17,32.65,No,21.44,95.97,4.79
4048,Drama,140.04,43.54,Yes,0.5,13.93,8.49
4049,Romance,111.56,42.55,Yes,8.84,72.95,7.78
4050,Romance,126.88,21.7,Yes,0.5,1.0,8.22
4051,Comedy,92.15,45.15,Yes,10.18,87.34,7.82
4052,Thriller,107.41,37.1,No,6.79,57.17,7.56
4053,Comedy,96.2,21.82,No,35.02,87.66,5.9
4054,Drama,129.07,9.93,No,0.5,1.0,6.32
4055,Sci-Fi,99.87,20.08,Yes,41.73,91.57,5.7
4056,Drama,105.4,56.9,No,27.08,48.51,6.63
4057,Animation,99.11,15.03,No,3.55,46.91,5.64
4058,Drama,136.76,33.12,No,15.31,66.89,7.14
4059,Horror,118.34,17.95,No,13.23,26.12,5.46
4060,Action,108.4,23.88,No,57.12,143.7,6.89
4061,Thriller,116.52,40.23,No,47.23,107.38,5.69
4062,Sci-Fi,149.94,26.95,No,0.5,38.8,7.03
4063,Drama,113.99,38.77,No,26.06,63.22,5.71
4064,Drama,110.67,23.25,No,0.5,37.57,6.39
4065,Action,101.73,21.41,Yes,2.53,45.14,5.49
4066,Romance,115.32,21.18,No,0.5,23.0,4.78
4067,Drama,129.91,38.09,No,23.51,91.25,6.07
4068,Action,144.81,48.28,No,3.14,52.23,7.27
4069,Romance,126.54,33.89,Yes,34.33,79.22,6.31
4070,Sci-Fi,150.07,19.55,Yes,15.62,55.11,6.98
4071,Animation,103.7,34.05,No,41.13,71.67,5.36
4072,Action,95.97,14.84,No,37.38,102.48,5.63
4073,Thriller,122.34,11.09,Yes,24.56,41.01,7.7
4074,Horror,104.75,44.06,No,0.5,36.48,5.9
4075,Thriller,70.0,25.9,No,4.72,28.17,5.86
4076,Sci-Fi,138.17,15.24,No,23.97,87.42,6.34
4077,Comedy,86.26,19.34,No,15.44,70.49,5.56
4078,Comedy,130.19,58.99,Yes,29.38,128.93,5.93
4079,Romance,111.55,53.36,No,13.18,62.14,6.38
4080,Action,108.5,35.79,Yes,51.72,167.66,6.55
4081,Comedy,129.2,39.92,No,9.7,65.02,6.66
4082,Drama,144.29,39.07,No,17.72,49.14,5.94
4083,Drama,120.91,50.63,No,15.46,10.82,7.8
4084,Drama,83.43,22.91,No,21.94,51.75,5.44
4085,Horror,127.86,19.11,No,0.5,1.0,4.52
4086,Drama,127.4,28.25,No,0.5,48.18,6.91
4087,Sci-Fi,125.51,33.68,No,8.35,35.71,7.99
4088,Comedy,100.13,20.83,Yes,12.26,47.67,6.35
4089,Drama,98.77,20.24,No,0.5,1.0,6.3
4090,Horror,108.08,21.31,Yes,0.5,15.99,5.15
4091,Animation,91.95,18.09,Yes,37.55,98.75,6.42
4092,Thriller,127.77,11.07,No,20.49,75.29,6.78
4093,Sci-Fi,163.2,12.04,No,8.42,11.97,7.23
4094,Comedy,141.89,12.35,No,12.03,31.44,7.3
4095,Comedy,112.57,46.03,Yes,2.31,30.85,5.83
4096,Action,96.49,17.39,No,15.06,33.33,5.94
4097,Animation,75.74,10.14,No,1.83,75.97,6.26
4098,Comedy,91.78,17.92,Yes,0.5,38.68,6.56
4099,Horror,115.85,27.95,No,12.49,22.15,4.86
4100,Thriller,117.76,18.46,No,1.88,37.11,5.73
4101,Comedy,107.95,8.6,No,0.5,10.29,5.65
4102,Sci-Fi,109.43,15.09,Yes,9.78,1.0,6.1
4103,Action,146.24,36.15,No,7.35,20.31,7.46
4104,Animation,109.01,13.81,Yes,32.03,95.87,7.11
4105,Comedy,88.29,44.15,No,10.58,1.0,5.22
4106,Drama,111.62,6.92,Yes,16.92,38.9,4.88
4107,Comedy,99.69,56.66,Yes,4.16,55.26,5.69
4108,Drama,127.94,47.43,Yes,0.5,61.84,7.8
4109,Romance,106.87,23.12,No,9.61,69.16,7.83
4110,Horror,98.92,14.15,Yes,11.86,34.87,4.27
4111,Sci-Fi,91.02,36.9,No,27.72,87.75,7.45
4112,Action,143.49,51.08,No,0.5,11.09,7.26
4113,Drama,123.28,13.43,No,0.5,4.6,5.67
4114,Comedy,123.62,25.6,No,0.5,54.97,6.91
4115,Sci-Fi,134.73,39.33,No,22.59,66.65,6.21
4116,Romance,109.4,40.23,No,0.5,37.44,5.84
4117,Comedy,95.39,74.89,No,40.17,121.9,6.72
4118,Romance,118.4,14.49,No,9.6,1.0,5.86
4119,Drama,113.47,15.87,Yes,0.5,50.66,7.52
4120,Horror,119.87,15.01,No,7.66,23.15,6.58
4121,Action,150.45,44.12,No,0.72,85.92,6.05
4122,Action,110.74,15.11,No,17.85,57.34,6.58
4123,Sci-Fi,123.36,20.45,No,7.48,32.16,6.47
4124,Horror,92.29,25.23,No,8.04,8.96,5.43
4125,Comedy,110.61,13.33,No,36.81,69.94,7.75
4126,Romance,101.75,50.31,Yes,33.35,89.34,7.42
4127,Thriller,104.6,35.42,No,27.09,74.87,6.99
4128,Comedy,126.61,13.66,Yes,1.67,61.22,7.38
4129,Action,137.9,114.95,Yes,59.27,212.59,7.2
4130,Drama,109.1,17.74,Yes,19.26,89.38,7.38
4131,Thriller,98.43,15.34,Yes,23.65,66.03,7.05
4132,Horror,136.72,37.32,No,18.53,17.35,6.9
4133,Comedy,80.29,41.6,No,32.88,57.0,4.5
4134,Animation,120.07,42.62,Yes,52.31,179.51,7.04
4135,Thriller,111.29,30.18,No,15.8,58.91,4.73
4136,Drama,151.84,5.23,No,0.5,1.0,6.98
4137,Action,116.77,20.33,No,39.52,73.73,6.82
4138,Drama,109.92,54.04,No,25.08,44.25,6.59
4139,Comedy,98.39,17.41,No,15.91,67.02,5.8
4140,Drama,142.62,27.67,No,0.5,12.64,6.42
4141,Thriller,139.81,17.44,No,14.88,42.7,6.33
4142,Action,139.04,24.37,No,5.43,44.26,4.95
4143,Action,101.47,72.96,No,28.19,127.53,5.9
4144,Horror,149.14,9.4,No,9.73,18.0,5.3
4145,Sci-Fi,140.74,17.67,No,27.68,62.42,6.77
4146,Action,77.69,16.06,No,25.88,41.69,5.9
4147,Romance,116.86,19.14,No,0.5,1.0,7.95
4148,Horror,107.82,17.64,No,18.61,50.21,5.67
4149,Animation,132.68,14.21,No,15.39,102.13,7.86
4150,Drama,136.8,26.73,No,0.5,1.0,6.03
4151,Horror,128.16,22.8,No,0.5,16.41,5.43
4152,Sci-Fi,119.44,21.07,No,10.0,58.21,5.42
4153,Drama,104.64,49.29,No,8.47,14.27,5.62
4154,Romance,128.01,29.73,Yes,3.44,61.46,6.86
4155,Action,104.12,22.69,No,29.35,77.86,7.76
4156,Drama,123.62,37.26,No,3.59,96.68,7.98
4157,Action,114.16,40.84,Yes,16.91,68.39,5.65
4158,Drama,155.99,14.21,No,1.1,1.0,7.35
4159,Drama,157.96,12.38,No,3.57,1.0,7.08
4160,Thriller,114.63,22.22,No,10.29,51.77,5.86
4161,Drama,124.39,33.24,Yes,0.5,31.37,6.56
4162,Sci-Fi,115.53,24.21,Yes,30.81,79.26,5.39
4163,Romance,115.46,44.12,No,27.09,66.16,5.25
4164,Sci-Fi,127.52,33.16,No,36.98,124.85,6.75
4165,Horror,116.48,23.1,No,3.68,73.09,6.23
4166,Action,141.41,21.75,No,28.52,92.87,5.91
4167,Thriller,94.3,21.84,No,0.5,1.0,5.79
4168,Action,161.99,22.62,Yes,69.45,199.9,6.02
4169,Comedy,110.67,31.87,No,10.32,51.07,6.51
4170,Thriller,128.84,19.13,No,0.5,49.63,4.42
4171,Comedy,90.66,42.28,No,33.34,57.5,5.29
4172,Romance,118.91,24.5,No,0.5,64.46,6.03
4173,Horror,115.49,11.0,No,19.4,56.09,5.68
4174,Comedy,119.95,95.01,No,6.86,65.09,7.39
4175,Thriller,107.08,40.24,No,3.87,63.61,6.07
4176,Animation,98.32,26.41,No,17.65,52.59,7.98
4177,Comedy,98.9,51.1,No,0.5,1.0,5.7
4178,Animation,95.75,28.37,No,0.5,42.61,5.49
4179,Romance,133.11,15.97,No,44.67,8.5,7.06
4180,Horror,134.39,10.77,No,2.79,27.92,5.83
4181,Comedy,101.01,46.14,Yes,19.12,80.39,6.76
4182,Sci-Fi,101.14,25.87,No,16.9,107.52,6.31
4183,Horror,124.89,84.3,No,17.92,64.96,4.81
4184,Action,137.65,27.58,No,11.57,46.71,6.51
4185,Horror,99.4,14.33,No,38.8,106.47,6.8
4186,Action,145.54,10.56,Yes,23.57,76.06,6.26
4187,Romance,98.65,14.38,No,5.89,1.0,6.15
4188,Comedy,104.25,38.85,Yes,37.2,96.06,5.96
4189,Comedy,76.69,39.27,No,6.63,66.18,6.32
4190,Sci-Fi,98.97,34.08,No,26.86,72.86,6.68
4191,Horror,113.33,10.81,No,0.5,8.15,5.06
4192,Drama,138.07,26.2,No,0.5,45.1,7.76
4193,Action,122.38,44.93,No,6.61,94.87,6.3
4194,Action,104.94,16.15,Yes,20.16,112.09,5.27
4195,Thriller,118.9,15.61,No,23.29,22.39,6.37
4196,Comedy,118.7,50.37,Yes,8.26,101.66,5.87
4197,Comedy,111.75,21.87,Yes,14.49,107.04,5.87
4198,Animation,95.11,42.02,No,17.77,52.81,5.2
4199,Horror,96.11,20.35,Yes,11.95,8.15,5.71
4200,Horror,121.0,44.89,No,34.31,88.75,5.18
4201,Animation,75.24,10.92,Yes,14.06,44.4,5.89
4202,Romance,92.73,5.61,No,10.37,89.68,6.66
4203,Sci-Fi,149.15,6.86,No,11.77,30.95,7.77
4204,Drama,132.91,31.64,No,7.15,36.34,6.52
4205,Sci-Fi,108.66,17.2,No,17.41,60.02,6.49
4206,Drama,154.16,8.05,Yes,0.5,1.0,6.22
4207,Thriller,106.96,11.15,No,12.98,20.11,6.13
4208,Comedy,93.59,35.16,No,8.1,92.51,5.19
4209,Animation,97.8,26.94,No,10.37,51.16,6.05
4210,Action,130.43,14.27,No,20.92,110.54,5.65
4211,Thriller,109.02,34.64,No,9.79,27.38,5.34
4212,Horror,128.97,85.85,No,18.02,96.67,6.99
4213,Drama,101.64,14.55,No,15.12,27.35,5.41
4214,Action,121.73,35.38,No,37.67,108.05,6.44
4215,Thriller,133.8,27.54,No,32.89,70.27,5.13
4216,Thriller,95.68,11.11,Yes,21.93,34.27,4.93
4217,Drama,117.65,10.43,No,19.84,42.63,8.02
4218,Horror,86.7,16.67,Yes,35.94,53.75,6.03
4219,Animation,117.99,13.0,No,16.18,78.73,5.41
4220,Drama,102.15,21.46,Yes,7.29,41.26,7.46
